{
    "Regressors": {
        "Linear Regression": {
            "MAE": {
                "mean": 5607.224737834938,
                "std": 28.988652818488976
            },
            "RMSE": {
                "mean": 8182.223174322016,
                "std": 69.52019881481746
            },
            "R2": {
                "mean": 0.6707831818102148,
                "std": 0.004113267026270137
            }
        },
        "Ridge Regression": {
            "MAE": {
                "mean": 5607.306253622723,
                "std": 28.980151050559286
            },
            "RMSE": {
                "mean": 8182.202965368429,
                "std": 69.56264185115555
            },
            "R2": {
                "mean": 0.6707847489937134,
                "std": 0.004120390644893404
            }
        },
        "Decision Tree": {
            "MAE": {
                "mean": 4696.437698818573,
                "std": 24.560100967042167
            },
            "RMSE": {
                "mean": 7268.390003392194,
                "std": 64.65124947386387
            },
            "R2": {
                "mean": 0.7402088249619942,
                "std": 0.003757549830817116
            }
        },
        "Random Forest": {
            "MAE": {
                "mean": 3583.2207739634955,
                "std": 21.09715802084346
            },
            "RMSE": {
                "mean": 5823.902924030872,
                "std": 64.58454194314832
            },
            "R2": {
                "mean": 0.8331982239403916,
                "std": 0.0033652215161791765
            }
        },
        "XGBoost": {
            "MAE": {
                "mean": 3296.023478190104,
                "std": 22.852998231313684
            },
            "RMSE": {
                "mean": 5422.986183057034,
                "std": 64.63841767221906
            },
            "R2": {
                "mean": 0.8553693254788717,
                "std": 0.0032203164427908122
            }
        }
    },
    "Classifiers": {
        "Logistic Regression": {
            "Accuracy": {
                "mean": 0.7884050847613998,
                "std": 0.00140224401406052
            },
            "F1": {
                "mean": 0.7880384088721686,
                "std": 0.00139115619429353
            }
        },
        "Random Forest Clf": {
            "Accuracy": {
                "mean": 0.821893784823754,
                "std": 0.0018487162584343406
            },
            "F1": {
                "mean": 0.8204746517266969,
                "std": 0.0018616556916236041
            }
        },
        "XGBoost Clf": {
            "Accuracy": {
                "mean": 0.8672624177351446,
                "std": 0.0017142683459549926
            },
            "F1": {
                "mean": 0.8672161832286261,
                "std": 0.0017191880398242023
            }
        }
    }
}