{
    "Regressors": {
        "Linear Regression": {
            "MAE": {
                "mean": 5607.609709080598,
                "std": 23.08546201220515
            },
            "RMSE": {
                "mean": 8182.79666153992,
                "std": 27.07608856393316
            },
            "R2": {
                "mean": 0.6707426716900118,
                "std": 0.002570839400743865
            }
        },
        "Ridge Regression": {
            "MAE": {
                "mean": 5607.700892826086,
                "std": 23.05379675715605
            },
            "RMSE": {
                "mean": 8182.813964643658,
                "std": 27.15991816984356
            },
            "R2": {
                "mean": 0.6707411640833476,
                "std": 0.0025883461886169455
            }
        },
        "Decision Tree": {
            "MAE": {
                "mean": 4698.969715411885,
                "std": 22.474011484203785
            },
            "RMSE": {
                "mean": 7271.278366334399,
                "std": 36.96138206862898
            },
            "R2": {
                "mean": 0.7400033227863865,
                "std": 0.0032423872655321733
            }
        },
        "Random Forest": {
            "MAE": {
                "mean": 3594.9686954655895,
                "std": 22.05975309393887
            },
            "RMSE": {
                "mean": 5839.295780161023,
                "std": 54.14379957013662
            },
            "R2": {
                "mean": 0.8323107430014286,
                "std": 0.00353544821309666
            }
        },
        "XGBoost": {
            "MAE": {
                "mean": 3307.370849609375,
                "std": 16.02882443123756
            },
            "RMSE": {
                "mean": 5442.414762372193,
                "std": 51.3064743792753
            },
            "R2": {
                "mean": 0.8543294072151184,
                "std": 0.003162663438977505
            }
        }
    },
    "Classifiers": {
        "Logistic Regression": {
            "Accuracy": {
                "mean": 0.7882989224393928,
                "std": 0.0006307012253461765
            },
            "F1": {
                "mean": 0.7879292017978035,
                "std": 0.0006244057625985675
            }
        },
        "Random Forest Clf": {
            "Accuracy": {
                "mean": 0.8215312270778228,
                "std": 0.0014810939486073775
            },
            "F1": {
                "mean": 0.8201470760274125,
                "std": 0.0014895216265837263
            }
        },
        "XGBoost Clf": {
            "Accuracy": {
                "mean": 0.8668305802730426,
                "std": 0.0009457660827528054
            },
            "F1": {
                "mean": 0.8667835822736276,
                "std": 0.0009672948524529436
            }
        }
    }
}