{
    "Regressors": {
        "Linear Regression": {
            "MAE": [
                5615.664760432407,
                5586.949557018026,
                5620.258601876597,
                5639.3129733860205,
                5575.862652689937
            ],
            "RMSE": [
                8206.16000264991,
                8151.112547916756,
                8177.080029799717,
                8221.316473632474,
                8158.314253700747
            ],
            "R2": [
                0.6681533976997416,
                0.6752014543198063,
                0.6683467510609258,
                0.6704664319816018,
                0.6715453233879831
            ]
        },
        "Ridge Regression": {
            "MAE": [
                5615.953475582664,
                5586.981055116907,
                5620.423076108604,
                5639.181058167716,
                5575.965799154536
            ],
            "RMSE": [
                8206.3774639264,
                8150.803598342862,
                8177.423651629259,
                8221.22552590575,
                8158.239583414022
            ],
            "R2": [
                0.6681358097555941,
                0.675226075368773,
                0.6683188766386934,
                0.6704737228244284,
                0.6715513358292493
            ]
        },
        "Decision Tree": {
            "MAE": [
                4688.7217929275275,
                4690.751906389679,
                4686.823942313288,
                4743.7441099408325,
                4684.806825488097
            ],
            "RMSE": [
                7282.95321875569,
                7205.151569146463,
                7259.685612653836,
                7306.078396959874,
                7302.523034156129
            ],
            "R2": [
                0.7386199390249837,
                0.7462146556565823,
                0.7385892839213686,
                0.7397530885977391,
                0.7368396467312587
            ]
        },
        "Random Forest": {
            "MAE": [
                3589.9087454331407,
                3571.943710138643,
                3592.4832964309253,
                3636.7487735734617,
                3583.758951751778
            ],
            "RMSE": [
                5858.161587617714,
                5732.9752652130155,
                5855.947236754139,
                5885.0406012986905,
                5864.3542099215565
            ],
            "R2": [
                0.8308857873851591,
                0.8393279138811514,
                0.8299087120978467,
                0.8311442497523891,
                0.8302870518905974
            ]
        },
        "XGBoost": {
            "MAE": [
                3305.001708984375,
                3286.982421875,
                3302.53857421875,
                3336.321044921875,
                3306.010498046875
            ],
            "RMSE": [
                5456.922209451038,
                5345.30485566539,
                5444.720011166782,
                5470.4837080463,
                5494.6430275314515
            ],
            "R2": [
                0.853258490562439,
                0.860322892665863,
                0.8529588580131531,
                0.8540955781936646,
                0.8510112166404724
            ]
        }
    },
    "Classifiers": {
        "Logistic Regression": {
            "Accuracy": [
                0.7884431129643874,
                0.7886050497280812,
                0.789198817861625,
                0.787347170116866,
                0.7879004615260047
            ],
            "F1": [
                0.788048776005172,
                0.7882812023207435,
                0.7888196978053366,
                0.7870353179666624,
                0.787461014891103
            ]
        },
        "Random Forest Clf": {
            "Accuracy": [
                0.820317665951446,
                0.8215186969488415,
                0.8232190329676261,
                0.8194920514965858,
                0.8231086880246147
            ],
            "F1": [
                0.818805819060638,
                0.8201558841398348,
                0.822111384899782,
                0.8182130927653736,
                0.8214491992714341
            ]
        },
        "XGBoost Clf": {
            "Accuracy": [
                0.8661187806161694,
                0.867238843231718,
                0.8683454111169588,
                0.8656041672289547,
                0.8668456991714124
            ],
            "F1": [
                0.8659737109009693,
                0.8673086503615081,
                0.8682795928131113,
                0.8655554236368275,
                0.8668005336557218
            ]
        }
    }
}